                     
<!--

    .NET Framework configuration schema (beyond ASP.NET).
    
    Please do not edit this file. To add configuration sections to the schema,
    put them in .xml files similar to this one, in this directory. They will
    be picked up automatically at application pool startup.

-->
<configSchema>
    <sectionSchema name="appSettings">
        <attribute name="file" type="string" />
        <collection addElement="add" removeElement="remove" clearElement="clear">
            <attribute name="key" isUniqueKey="true" type="string" />
            <attribute name="value" type="string" />
        </collection>
    </sectionSchema>
    <sectionSchema name="configProtectedData">
        <attribute name="defaultProvider" type="string" defaultValue="RsaProtectedConfigurationProvider" />
        <element name="providers">
            <collection addElement="add" removeElement="remove" clearElement="clear" allowUnrecognizedAttributes="true">
                <attribute name="name" required="true" isUniqueKey="true" type="string" />
                <attribute name="type" required="true" type="string" />
            </collection>
        </element>
    </sectionSchema>
    <sectionSchema name="connectionStrings">
        <collection addElement="add" removeElement="remove" clearElement="clear">
            <attribute name="connectionString" required="true" type="string" />
            <attribute name="name" required="true" isUniqueKey="true" type="string" />
            <attribute name="providerName" type="string" defaultValue="System.Data.SqlClient" />
        </collection>
    </sectionSchema>
    <sectionSchema name="system.codedom">
        <element name="compilers">
            <collection addElement="compiler" removeElement="remove" clearElement="clear">
                <attribute name="language" type="string" isCombinedKey="true" />
                <attribute name="extension" type="string" isCombinedKey="true" />
                <attribute name="type" type="string" />
                <attribute name="warningLevel" type="int" />
                <attribute name="compilerOptions" type="string" />
            </collection>
        </element>
    </sectionSchema>
    <sectionSchema name="system.data">
        <element name="DbProviderFactories">
            <collection addElement="add" removeElement="remove" clearElement="clear">
                <attribute name="invariant" type="string" required="true" isUniqueKey="true" />
                <attribute name="name" type="string" />
                <attribute name="description" type="string" />
                <attribute name="type" required="true" type="string" />
            </collection>
        </element>
    </sectionSchema>
    <sectionSchema name="system.diagnostics">
        <element name="assert">
            <attribute name="assertuienabled" type="bool" defaultValue="True" />
            <attribute name="logfilename" type="string" />
        </element>
        <element name="performanceCounters">
            <attribute name="filemappingsize" type="int" defaultValue="524288" />
        </element>
        <element name="sharedListeners">
            <collection addElement="add" allowDuplicates="true" allowUnrecognizedAttributes="true">
                <attribute name="name" type="string" required="true" isUniqueKey="true" />
                <attribute name="traceOutputOptions" type="flags" defaultValue="None">
                    <flag name="None" value="0" />
                    <flag name="LogicalOperationStack" value="1" />
                    <flag name="DateTime" value="2" />
                    <flag name="Timestamp" value="4" />
                    <flag name="ProcessId" value="8" />
                    <flag name="ThreadId" value="16" />
                    <flag name="Callstack" value="32" />
                </attribute>
                <attribute name="initializeData" type="string" defaultValue="" />
                <attribute name="type" type="string" required="true" defaultValue="" />
                <element name="filter">
                    <attribute name="initializeData" type="string" />
                    <attribute name="type" type="string" />
                </element>
            </collection>
        </element>
        <element name="sources">
            <collection addElement="source" allowUnrecognizedAttributes="true">
                <attribute name="name" type="string" required="true" defaultValue="" />
                <attribute name="switchName" type="string" />
                <attribute name="switchValue" type="string" />
                <attribute name="switchType" type="string" />
                <element name="listeners">
                    <collection addElement="add" removeElement="remove" clearElement="clear" allowUnrecognizedAttributes="true">
                        <attribute name="name" type="string" required="true" isUniqueKey="true" />
                        <attribute name="traceOutputOptions" type="flags" defaultValue="None">
                            <flag name="None" value="0" />
                            <flag name="LogicalOperationStack" value="1" />
                            <flag name="DateTime" value="2" />
                            <flag name="Timestamp" value="4" />
                            <flag name="ProcessId" value="8" />
                            <flag name="ThreadId" value="16" />
                            <flag name="Callstack" value="32" />
                        </attribute>
                        <attribute name="initializeData" type="string" defaultValue="" />
                        <attribute name="type" type="string" required="true" defaultValue="" />
                        <element name="filter">
                            <attribute name="initializeData" type="string" />
                            <attribute name="type" type="string" />
                        </element>
                    </collection>
                </element>
            </collection>
        </element>
        <element name="switches">
            <collection addElement="add" removeElement="remove" clearElement="clear" allowUnrecognizedAttributes="true">
                <attribute name="name" type="string" required="true" isUniqueKey="true" defaultValue="" />
                <attribute name="type" type="string" required="true" />
            </collection>
        </element>
        <element name="trace">
            <attribute name="autoflush" type="bool" defaultValue="False" />
            <attribute name="indentsize" type="int" defaultValue="4" />
            <element name="listeners">
                <collection addElement="add" removeElement="remove" clearElement="clear" allowUnrecognizedAttributes="true">
                    <attribute name="name" type="string" required="true" isUniqueKey="true" />
                    <attribute name="traceOutputOptions" type="flags" defaultValue="None">
                        <flag name="None" value="0" />
                        <flag name="LogicalOperationStack" value="1" />
                        <flag name="DateTime" value="2" />
                        <flag name="Timestamp" value="4" />
                        <flag name="ProcessId" value="8" />
                        <flag name="ThreadId" value="16" />
                        <flag name="Callstack" value="32" />
                    </attribute>
                    <attribute name="initializeData" type="string" defaultValue="" />
                    <attribute name="type" type="string" required="true" defaultValue="" />
                    <element name="filter">
                        <attribute name="initializeData" type="string" />
                        <attribute name="type" type="string" />
                    </element>
                </collection>
            </element>
            <attribute name="useGlobalLock" type="bool" defaultValue="True" />
        </element>
    </sectionSchema>
    <sectionSchema name="system.windows.forms">
        <attribute name="jitDebugging" type="bool" defaultValue="False" />
    </sectionSchema>
    <sectionSchema name="system.net/authenticationModules">
        <collection addElement="add" removeElement="remove" clearElement="clear">
            <attribute name="type" required="true" isUniqueKey="true" type="string" />
        </collection>
    </sectionSchema>
    <sectionSchema name="system.net/connectionManagement">
        <collection addElement="add" removeElement="remove" clearElement="clear">
            <attribute name="address" required="true" isUniqueKey="true" type="string" />
            <attribute name="maxconnection" required="true" type="int" defaultValue="1" />
        </collection>
    </sectionSchema>
    <sectionSchema name="system.net/defaultProxy">
        <element name="bypasslist">
            <collection addElement="add" removeElement="remove" clearElement="clear" allowDuplicates="true">
                <attribute name="address" required="true" isUniqueKey="true" type="string" />
            </collection>
        </element>
        <attribute name="enabled" type="bool" defaultValue="True" />
        <element name="module">
            <attribute name="type" type="string" />
        </element>
        <element name="proxy">
            <attribute name="autoDetect" type="enum" defaultValue="Unspecified">
                <enum name="false" value="0" />
                <enum name="true" value="1" />
                <enum name="Unspecified" value="-1" />
            </attribute>
            <attribute name="bypassonlocal" type="enum" defaultValue="Unspecified">
                <enum name="false" value="0" />
                <enum name="true" value="1" />
                <enum name="Unspecified" value="-1" />
            </attribute>
            <attribute name="proxyaddress" type="string" />
            <attribute name="scriptLocation" type="string" />
            <attribute name="usesystemdefault" type="enum" defaultValue="Unspecified">
                <enum name="false" value="0" />
                <enum name="true" value="1" />
                <enum name="Unspecified" value="-1" />
            </attribute>
        </element>
        <attribute name="useDefaultCredentials" type="bool" defaultValue="False" />
    </sectionSchema>
    <sectionSchema name="system.net/requestCaching">
        <element name="defaultFtpCachePolicy">
            <attribute name="policyLevel" type="enum" defaultValue="Default">
                <enum name="Default" value="0" />
                <enum name="BypassCache" value="1" />
                <enum name="CacheOnly" value="2" />
                <enum name="CacheIfAvailable" value="3" />
                <enum name="Revalidate" value="4" />
                <enum name="Reload" value="5" />
                <enum name="NoCacheNoStore" value="6" />
            </attribute>
        </element>
        <element name="defaultHttpCachePolicy">
            <attribute name="maximumAge" type="timeSpan" defaultValue="10675199.02:48:05.4775807" />
            <attribute name="maximumStale" type="timeSpan" defaultValue="-10675199.02:48:05.4775808" />
            <attribute name="minimumFresh" type="timeSpan" defaultValue="-10675199.02:48:05.4775808" />
            <attribute name="policyLevel" type="enum" defaultValue="Default">
                <enum name="Default" value="0" />
                <enum name="BypassCache" value="1" />
                <enum name="CacheOnly" value="2" />
                <enum name="CacheIfAvailable" value="3" />
                <enum name="Revalidate" value="4" />
                <enum name="Reload" value="5" />
                <enum name="NoCacheNoStore" value="6" />
                <enum name="CacheOrNextCacheOnly" value="7" />
                <enum name="Refresh" value="8" />
            </attribute>
        </element>
        <attribute name="defaultPolicyLevel" type="enum" defaultValue="BypassCache">
            <enum name="Default" value="0" />
            <enum name="BypassCache" value="1" />
            <enum name="CacheOnly" value="2" />
            <enum name="CacheIfAvailable" value="3" />
            <enum name="Revalidate" value="4" />
            <enum name="Reload" value="5" />
            <enum name="NoCacheNoStore" value="6" />
        </attribute>
        <attribute name="disableAllCaching" type="bool" defaultValue="False" />
        <attribute name="isPrivateCache" type="bool" defaultValue="True" />
        <attribute name="unspecifiedMaximumAge" type="timeSpan" defaultValue="1.00:00:00" />
    </sectionSchema>
    <sectionSchema name="system.net/settings">
        <element name="httpWebRequest">
            <attribute name="maximumErrorResponseLength" type="int" defaultValue="64" />
            <attribute name="maximumResponseHeadersLength" type="int" defaultValue="64" />
            <attribute name="maximumUnauthorizedUploadLength" type="int" defaultValue="-1" />
            <attribute name="useUnsafeHeaderParsing" type="bool" defaultValue="False" />
        </element>
        <element name="ipv6">
            <attribute name="enabled" type="bool" defaultValue="False" />
        </element>
        <element name="performanceCounters">
            <attribute name="enabled" type="bool" defaultValue="False" />
        </element>
        <element name="servicePointManager">
            <attribute name="checkCertificateName" type="bool" defaultValue="True" />
            <attribute name="checkCertificateRevocationList" type="bool" defaultValue="False" />
            <attribute name="dnsRefreshTimeout" type="int" defaultValue="120000" />
            <attribute name="enableDnsRoundRobin" type="bool" defaultValue="False" />
            <attribute name="expect100Continue" type="bool" defaultValue="True" />
            <attribute name="useNagleAlgorithm" type="bool" defaultValue="True" />
        </element>
        <element name="socket">
            <attribute name="alwaysUseCompletionPortsForAccept" type="bool" defaultValue="False" />
            <attribute name="alwaysUseCompletionPortsForConnect" type="bool" defaultValue="False" />
        </element>
        <element name="webProxyScript">
            <attribute name="downloadTimeout" type="timeSpan" defaultValue="00:02:00" />
        </element>
    </sectionSchema>
    <sectionSchema name="system.net/webRequestModules">
        <collection addElement="add" removeElement="remove" clearElement="clear">
            <attribute name="prefix" required="true" isUniqueKey="true" type="string" />
            <attribute name="type" type="string" />
        </collection>
    </sectionSchema>
    <sectionSchema name="system.net/mailSettings/smtp">
        <attribute name="deliveryMethod" type="enum" defaultValue="Network">
            <enum name="Network" value="0" />
            <enum name="SpecifiedPickupDirectory" value="1" />
            <enum name="PickupDirectoryFromIis" value="2" />
        </attribute>
        <attribute name="from" type="string" />
        <element name="network">
            <attribute name="defaultCredentials" type="bool" defaultValue="False" />
            <attribute name="host" type="string" />
            <attribute name="password" type="string" />
            <attribute name="port" type="int" defaultValue="25" />
            <attribute name="userName" type="string" />
        </element>
        <element name="specifiedPickupDirectory">
            <attribute name="pickupDirectoryLocation" type="string" />
        </element>
    </sectionSchema>
    <sectionSchema name="system.transactions/defaultSettings">
        <attribute name="distributedTransactionManagerName" type="string" />
        <attribute name="timeout" type="timeSpan" validationType="timeSpanRange" validationParameter="0,2147483647,1" defaultValue="00:01:00" />
    </sectionSchema>
    <sectionSchema name="system.transactions/machineSettings">
        <attribute name="maxTimeout" type="timeSpan" validationType="timeSpanRange" validationParameter="0,2147483647,1" defaultValue="00:10:00" />
    </sectionSchema>
    <sectionSchema name="system.web/deployment">
        <attribute name="retail" type="bool" defaultValue="False" />
    </sectionSchema>
    <sectionSchema name="system.web/membership">
        <attribute name="defaultProvider" type="string" validationType="nonEmptyString" defaultValue="AspNetSqlMembershipProvider" />
        <attribute name="hashAlgorithmType" type="string" />
        <element name="providers">
            <collection addElement="add" removeElement="remove" clearElement="clear" allowUnrecognizedAttributes="true">
                <attribute name="name" required="true" isUniqueKey="true" type="string" />
                <attribute name="type" required="true" type="string" />
            </collection>
        </element>
        <attribute name="userIsOnlineTimeWindow" type="timeSpan" validationType="timeSpanRange" validationParameter="1,2147483640,60" timeSpanFormat="minutes" defaultValue="15" />
    </sectionSchema>
    <sectionSchema name="system.web/processModel">
        <attribute name="autoConfig" type="bool" defaultValue="False" />
        <attribute name="clientConnectedCheck" type="timeSpan" allowInfinite="true" defaultValue="00:00:05" />
        <attribute name="comAuthenticationLevel" type="enum" defaultValue="Connect">
            <enum name="None" value="0" />
            <enum name="Call" value="1" />
            <enum name="Connect" value="2" />
            <enum name="Default" value="3" />
            <enum name="Pkt" value="4" />
            <enum name="PktIntegrity" value="5" />
            <enum name="PktPrivacy" value="6" />
        </attribute>
        <attribute name="comImpersonationLevel" type="enum" defaultValue="Impersonate">
            <enum name="Default" value="0" />
            <enum name="Anonymous" value="1" />
            <enum name="Delegate" value="2" />
            <enum name="Identify" value="3" />
            <enum name="Impersonate" value="4" />
        </attribute>
        <attribute name="cpuMask" type="int" />
        <attribute name="enable" type="bool" defaultValue="True" />
        <attribute name="idleTimeout" type="timeSpan" allowInfinite="true" defaultValue="10675199.02:48:05.4775807" />
        <attribute name="logLevel" type="enum" defaultValue="Errors">
            <enum name="None" value="0" />
            <enum name="All" value="1" />
            <enum name="Errors" value="2" />
        </attribute>
        <attribute name="maxAppDomains" type="int" validationType="integerRange" validationParameter="1,2147483646" defaultValue="2000" />
        <attribute name="maxIoThreads" type="int" validationType="integerRange" validationParameter="1,2147483646" defaultValue="20" />
        <attribute name="maxWorkerThreads" type="int" validationType="integerRange" validationParameter="1,2147483646" defaultValue="20" />
        <attribute name="memoryLimit" type="int" defaultValue="60" />
        <attribute name="minIoThreads" type="int" validationType="integerRange" validationParameter="1,2147483646" defaultValue="1" />
        <attribute name="minWorkerThreads" type="int" validationType="integerRange" validationParameter="1,2147483646" defaultValue="1" />
        <attribute name="password" type="string" defaultValue="AutoGenerate" />
        <attribute name="pingFrequency" type="timeSpan" allowInfinite="true" defaultValue="10675199.02:48:05.4775807" />
        <attribute name="pingTimeout" type="timeSpan" allowInfinite="true" defaultValue="10675199.02:48:05.4775807" />
        <attribute name="requestLimit" type="int" validationType="integerRange" validationParameter="0,2147483647" allowInfinite="true" defaultValue="2147483647" />
        <attribute name="requestQueueLimit" type="int" validationType="integerRange" validationParameter="0,2147483647" allowInfinite="true" defaultValue="5000" />
        <attribute name="responseDeadlockInterval" type="timeSpan" validationType="timeSpanRange" validationParameter="0,2147483647,1" allowInfinite="true" defaultValue="00:03:00" />
        <attribute name="responseRestartDeadlockInterval" type="timeSpan" allowInfinite="true" defaultValue="00:03:00" />
        <attribute name="restartQueueLimit" type="int" validationType="integerRange" validationParameter="0,2147483647" allowInfinite="true" defaultValue="10" />
        <attribute name="serverErrorMessageFile" type="string" />
        <attribute name="shutdownTimeout" type="timeSpan" validationType="timeSpanRange" validationParameter="0,2147483647,1" allowInfinite="true" defaultValue="00:00:05" />
        <attribute name="timeout" type="timeSpan" allowInfinite="true" defaultValue="10675199.02:48:05.4775807" />
        <attribute name="userName" type="string" defaultValue="machine" />
        <attribute name="webGarden" type="bool" defaultValue="False" />
    </sectionSchema>
    <sectionSchema name="system.web/profile">
        <attribute name="automaticSaveEnabled" type="bool" defaultValue="True" />
        <attribute name="defaultProvider" type="string" validationType="nonEmptyString" defaultValue="AspNetSqlProfileProvider" />
        <attribute name="enabled" type="bool" defaultValue="True" />
        <attribute name="inherits" type="string" />
        <element name="properties">
            <collection addElement="add" removeElement="remove" clearElement="clear">
                <attribute name="allowAnonymous" type="bool" defaultValue="False" />
                <attribute name="customProviderData" type="string" />
                <attribute name="defaultValue" type="string" />
                <attribute name="name" required="true" isUniqueKey="true" type="string" validationType="nonEmptyString" />
                <attribute name="provider" type="string" />
                <attribute name="readOnly" type="bool" defaultValue="False" />
                <attribute name="serializeAs" type="enum" defaultValue="ProviderSpecific">
                    <enum name="String" value="0" />
                    <enum name="Xml" value="1" />
                    <enum name="Binary" value="2" />
                    <enum name="ProviderSpecific" value="3" />
                </attribute>
                <attribute name="type" type="string" defaultValue="string" />
            </collection>
            <collection addElement="group">
                <attribute name="name" required="true" isUniqueKey="true" type="string" validationType="nonEmptyString" />
                <collection addElement="add" removeElement="remove" clearElement="clear">
                    <attribute name="allowAnonymous" type="bool" defaultValue="False" />
                    <attribute name="customProviderData" type="string" />
                    <attribute name="defaultValue" type="string" />
                    <attribute name="name" required="true" isUniqueKey="true" type="string" validationType="nonEmptyString" />
                    <attribute name="provider" type="string" />
                    <attribute name="readOnly" type="bool" defaultValue="False" />
                    <attribute name="serializeAs" type="enum" defaultValue="ProviderSpecific">
                        <enum name="String" value="0" />
                        <enum name="Xml" value="1" />
                        <enum name="Binary" value="2" />
                        <enum name="ProviderSpecific" value="3" />
                    </attribute>
                    <attribute name="type" type="string" defaultValue="string" />
                </collection>
            </collection>
        </element>
        <element name="providers">
            <collection addElement="add" removeElement="remove" clearElement="clear" allowUnrecognizedAttributes="true">
                <attribute name="name" required="true" isUniqueKey="true" type="string" />
                <attribute name="type" required="true" type="string" />
            </collection>
        </element>
    </sectionSchema>
    <sectionSchema name="system.web/roleManager">
        <attribute name="cacheRolesInCookie" type="bool" defaultValue="False" />
        <attribute name="cookieName" type="string" validationType="requireTrimmedString" defaultValue=".ASPXROLES" />
        <attribute name="cookiePath" type="string" validationType="requireTrimmedString" defaultValue="/" />
        <attribute name="cookieProtection" type="enum" defaultValue="All">
            <enum name="None" value="0" />
            <enum name="Validation" value="1" />
            <enum name="Encryption" value="2" />
            <enum name="All" value="3" />
        </attribute>
        <attribute name="cookieRequireSSL" type="bool" defaultValue="False" />
        <attribute name="cookieSlidingExpiration" type="bool" defaultValue="True" />
        <attribute name="cookieTimeout" type="timeSpan" validationType="timeSpanRange" validationParameter="0,2147483640,60" allowInfinite="true" timeSpanFormat="minutes" defaultValue="30" />
        <attribute name="createPersistentCookie" type="bool" defaultValue="False" />
        <attribute name="defaultProvider" type="string" validationType="requireTrimmedString" defaultValue="AspNetSqlRoleProvider" />
        <attribute name="domain" type="string" />
        <attribute name="enabled" type="bool" defaultValue="False" />
        <attribute name="maxCachedResults" type="int" defaultValue="25" />
        <element name="providers">
            <collection addElement="add" removeElement="remove" clearElement="clear" allowUnrecognizedAttributes="true">
                <attribute name="name" required="true" isUniqueKey="true" type="string" />
                <attribute name="type" required="true" type="string" />
            </collection>
        </element>
    </sectionSchema>
    <sectionSchema name="system.xml.serialization/dateTimeSerialization">
        <attribute name="mode" type="enum" defaultValue="Roundtrip">
            <enum name="Default" value="0" />
            <enum name="Roundtrip" value="1" />
            <enum name="Local" value="2" />
        </attribute>
    </sectionSchema>
    <sectionSchema name="system.xml.serialization/schemaImporterExtensions">
        <collection addElement="add" removeElement="remove" clearElement="clear">
            <attribute name="name" required="true" isUniqueKey="true" type="string" />
            <attribute name="type" required="true" type="string" />
        </collection>
    </sectionSchema>
    <sectionSchema name="system.xml.serialization/xmlSerializer">
        <attribute name="checkDeserializeAdvances" type="bool" defaultValue="False" />
    </sectionSchema>
</configSchema>
